Organisation,Country,Status,Official name (+source),Also known as,Website,Instagram,Est. company size,Primary customers,Year founded,Ownership status,Core model,Geographic scope,Categories,Key partners / customers,Impact metrics,Conf: name,Conf: year,Conf: impact,Verification notes
Fill Refill Co,United Kingdom,Active,Fill Refill Co Limited (Companies House no. 11683937) — fillrefill.co/about-us,FILL REFILL CO; 'Fill' (fillrefill.co),https://www.fillrefill.co/,Not found in verified public sources,"Small / independent family-run manufacturer; SME (own factory in Finedon, Northamptonshire) — fillrefill.co/about-us. Exact headcount not found in verified public sources.",Consumers (DTC) plus independent retailers/refill stores and hospitality (e.g. Silo London); B2B bulk returnable containers — fillrefill.co; workforgood.co.uk,Company incorporated 19 November 2018 (Companies House no. 11683937); closed-loop 'rinse & return' launched 2020 — find-and-update.company-information.service.gov.uk/company/11683937; fillrefill.co/about-us,"Private limited company, independent and family-run; status Active — Companies House 11683937","UK manufacturer of refillable/returnable household, laundry, cleaning, hair and body care; closed-loop glass bottles + returnable bulk containers (Washtainer) — fillrefill.co",United Kingdom — fillrefill.co,"Household cleaning, laundry, hand/body, hair care; refill/closed-loop packaging — fillrefill.co","Milk & More (bottle return/wash logistics); collaborations with Silo London and OMNES; charity partner City to Sea; B Corp, 1% for the Planet, Leaping Bunny — uk.linkedin.com/company/fill-refill-co; theethicalguide.org","Company reports its Washtainer system passed its 100,001st returned glass bottle (LinkedIn); donates 1% of turnover to environmental causes via 1% for the Planet — uk.linkedin.com/company/fill-refill-co. No independently audited figures found.",High,High,Low,"Incorporation date (2018) is firm via Companies House; the brand frames its closed-loop launch as 2020 — distinguish 'incorporated' vs 'launched'. Impact claims are self-reported, not audited. Instagram handle not verified."
Clean Cult,United States,Active,Cleancult (Clean Cult) — cleancult.com; prnewswire.com,Clean Cult; Cleancult — cleancult.com,https://www.cleancult.com/,Not found in verified public sources (PR materials reference '@CleanCult' but not independently verified),Reported 11–50 employees (data aggregators Tracxn/LeadIQ) — tracxn.com; leadiq.com. Treat as approximate.,"Consumers via DTC subscription and major retail (Target, Costco, Walmart, Kroger, Wegmans, Amazon) — prnewswire.com",Sources conflict: product 'launched in 2019' (company PR) while databases list founding as 2016/2017 (CBInsights 2017; Tracxn 2016) — prnewswire.com; cbinsights.com; tracxn.com,"Private, venture/debt-funded (Series B + extensions; ~$5M Series B extension closed 2025; JPalmer Collective $5M financing Nov 2025) — prnewswire.com; cbinsights.com",Refillable home-cleaning system: reusable glass/aluminium dispensers refilled from recyclable paper-based cartons — cleancult.com; prnewswire.com,United States and Canada — prnewswire.com,"Household cleaning (hand soap, dish soap, all-purpose, laundry) — prnewswire.com","Retail partners Target, Costco, Walmart, Whole Foods, Kroger, Wegmans, Amazon; co-founders Ryan Lupberger (CEO) & Zachary Bedrosian — prnewswire.com; leadiq.com",Company claims its system reduces household plastic waste by ~90% and that mass adoption of its carton model could eliminate 'over 330 million pounds of plastic' annually — prnewswire.com. Self-reported; not independently audited.,High,Low,Low,"Founding year is genuinely ambiguous (2016 vs 2017 vs 2019 launch) and should be manually reconciled — likely incorporation 2016/17, commercial launch 2019. HQ listed variously as New York and Wellesley, MA. Instagram unverified."
Algramo,Chile,Active,Algramo — algramo.com; weforum.org,Algramo ('by the gram') — unep.org,https://algramo.com/en/,Not found in verified public sources,Not found in verified public sources (described as a scale-up/startup; headcount not disclosed in verified sources),Lower-income consumers via neighbourhood stores and home delivery; FMCG brand partners and retailers — weforum.org; closedlooppartners.com,"Sources conflict: 2011 (WEF), 2012 (Closed Loop Partners; Fondazione Carta Etica) and 2013 (UNEP; Harvard Business School; Ashoka) — weforum.org; closedlooppartners.com; hbs.edu; unep.org","Private, venture-backed; first institutional raise led by Closed Loop Partners (lead investor, board seat) end-2019; Certified B Corp (Empresa B) — closedlooppartners.com; fondazionecartaeticapackaging.org",RFID-enabled reusable 'smart packaging' / dispensers ('Packaging-as-a-Wallet') refilled in-store and via home delivery; pay 'by the gram' — weforum.org; hbs.edu,"Chile (Santiago) with pilots/expansion in USA (New York), Indonesia (Jakarta), UK (Lidl trial) and Mexico — trellis.net; theprint.in; unep.org","Household cleaning, personal care, pet food, staples (refill/dispensing) — weforum.org","Unilever, Nestlé/Purina, Colgate-Palmolive, Clorox, Walmart, Lidl; investor Closed Loop Partners — weforum.org; closedlooppartners.com; theprint.in","UNEP reports Algramo customers reused 900,000+ pieces of packaging since 2020, equivalent to 100,000+ kg of plastic avoided; operates in 2,000+ stores reaching 325,000+ customers in Santiago — unep.org; closedlooppartners.com",High,Low,Medium,"Founding year inconsistent across credible sources (2011–2013); 2013 is most commonly cited by academic/UN sources, 2012 by its lead investor — flag for manual decision. Founder José Manuel Moller. Impact figures self/UN-reported. Instagram unverified."
Again,United Kingdom,Active,Again (legal entity associated with brand 'Again' / 'poweredbyagain') — letsuseagain.com,Again; Powered by Again — letsuseagain.com; linkedin.com/company/poweredbyagain,https://www.letsuseagain.com/,Not found in verified public sources,Not found in verified public sources (early-stage startup; headcount not disclosed),B2B — FMCG brands and retailers/grocers needing reusable-packaging cleaning & reverse logistics — letsuseagain.com,2021 — pitchbook.com; dairyreporter.com,"Private, venture-backed; raised Ł2.55M / ~US$3.3M pre-seed (Eka Ventures and others) — tech.eu; dairyreporter.com","Decentralised 'CleanCell' automated reconditioning network (sort, clean, de-label, inspect, palletise) enabling brands to reuse packaging at single-use cost; 'Again Tag' tracking — letsuseagain.com; dairyreporter.com",United Kingdom — dairyreporter.com,Reusable packaging infrastructure / reverse logistics (B2B services) — letsuseagain.com,"Milk & More, The Modern Milkman, Abel & Cole; pilots with Budweiser Brewing Group, Diageo, Biffa; pub chains (Young's, Wetherspoon, Punch, Fuller's etc.); founder/CEO Matt Kennedy — dairyreporter.com; tech.eu; linkedin.com/company/poweredbyagain","Company states CleanCell uses 76% less water and 90% less energy than recycling, with 500,000 units/month capacity, 85%+ packaging returned and items reused 6+ times; pub-bottle reverse logistics cited at 62% CO2 reduction per bottle — letsuseagain.com; dairyreporter.com; tech.eu. Self-reported.",Medium,High,Low,"Exact registered legal entity name not confirmed from a primary registry in this pass (brand 'Again', LinkedIn 'poweredbyagain') — recommend Companies House check. Founding 2021 corroborated by PitchBook + trade press. Instagram unverified."
Loop,US / Japan / France,Active (TerraCycle unit),Loop (operated and managed by TerraCycle) — exploreloop.com; terracycle.com,Loop; Loop by TerraCycle — prnewswire.com,https://exploreloop.com/,Not found in verified public sources,Not found in verified public sources (operating unit of TerraCycle rather than standalone headcount),"Consumers, via retail partners; brands/CPGs and retailers as platform participants — weforum.org; prnewswire.com",Announced at Davos Jan 2019; first pilots launched May 2019 — en.wikipedia.org/wiki/Tom_Szaky; prnewswire.com; theshelbyreport.com,"Founded and managed by TerraCycle; completed a $25M Series A 'Founding Investor' raise (investors incl. P&G, Nestlé, SUEZ, Aptar) — theshelbyreport.com","Global reuse platform: durable packaging delivered, returned, cleaned, refilled and reused (deposit/return 'milkman' model), online and in-store — weforum.org; prnewswire.com","Listed in master sheet as US, Japan, France; historically also piloted in UK/Canada/Germany. As of 2024 strongest active presence in France via Carrefour — linkedin.com/company/chooseloop; en.wikipedia.org/wiki/Tom_Szaky","Multi-category reuse platform (groceries, cleaning, personal care, beverages) — letsrecycle.com","Carrefour, Tesco (trial 2021–22, since wound up), Kroger, Walgreens, P&G, Nestlé, Unilever, Coca-Cola, PepsiCo, Danone — letsrecycle.com; weforum.org","Loop states packaging is reused, cleaned and refilled, in some cases more than 100 times (typically 20–100 uses); has enlisted 100+ brands / ~400 products — weforum.org; theshelbyreport.com. Self-reported.",High,High,Medium,Loop is not a standalone company — it is a TerraCycle initiative; ownership/financials sit with TerraCycle. Geographic footprint has contracted (e.g. Tesco UK trial ended 2022); current live markets should be re-verified manually. Instagram unverified.
Package Free Shop,United States,Active,Package Free (Package Free Shop) — packagefreeshop.com,Package Free; Package Free Shop — packagefreeshop.com,https://packagefreeshop.com/,Not found in verified public sources (founder Lauren Singer's personal blog is @trashisfortossers — distinct from the company),~50 staff cited by founder in 2020 (pre/early-pandemic); current size not found in verified public sources — thehelm.co,Consumers (DTC e-commerce; previously two NYC retail stores) — packagefreeshop.com; globalcitizen.org,"Founded 22 April 2017 (opened as a Williamsburg, Brooklyn pop-up) — packagefreeshop.com/pages/our-history",Private; raised $4.5M seed (announced 2019) — joingoodside.com; thehelm.co,Curated retailer/aggregator of low-/zero-waste products plus own brands (e.g. The Simply Co.); some refillable/aluminium packaging — packagefreeshop.com; thehelm.co,United States (online; historically NYC retail) — globalcitizen.org,"Zero-waste lifestyle, personal care, home, cleaning — packagefreeshop.com",Founder Lauren Singer; works with TerraCycle for hard-to-recycle waste — globalcitizen.org,Company/founder claims over 100 million pieces of trash kept out of landfill via Package Free — generalassemb.ly. Self-reported; not audited.,High,High,Low,Founding date precise (22 Apr 2017). Both NYC physical stores closed during COVID; now e-commerce-led. Do not conflate company Instagram with founder's @trashisfortossers. Instagram handle unverified.
Dizzie,United Kingdom,CEASED ~Nov 2024,Dizzie (formerly 'Good Club'); associated entity Dizzie Ltd — getdizzie.com; thegrocer.co.uk,Dizzie; formerly Good Club — creativereview.co.uk,https://getdizzie.com/,Not found in verified public sources,Very small at wind-down — 'final six employees' reported Nov 2024 — thegrocer.co.uk,Originally consumers (DTC zero-waste online supermarket); pivoted to B2B 'reusable packaging as a service' for retailers/brands — thegrocer.co.uk,"Good Club founded 2019; rebranded to Dizzie 2022 (a data aggregator lists 2016, likely incorporation of a predecessor) — creativereview.co.uk; cbinsights.com","Private; crowdfunded (Crowdcube) + Sustainable Ventures, Mustard Seed; APPEARS TO HAVE CEASED TRADING (reported shutting down Nov 2024) — thegrocer.co.uk; cbinsights.com","Reusable/returnable packaging system: empty pots for brands to fill, white-label finished products, plus cleaning/returns/tracking services — cbinsights.com; thegrocer.co.uk",United Kingdom — cbinsights.com,Reusable grocery packaging (B2B); previously refillable groceries (DTC) — thegrocer.co.uk,"Abel & Cole (Club Zero), Milk & More, The Modern Milkman; founder Ben Patten — thegrocer.co.uk; uk.linkedin.com/company/getdizzie","Reported its Abel & Cole reuse range improved customer retention by 2+ percentage points; PA Consulting design work projected its 'zero waste' pots saving 1M+ pieces of plastic and 139,000+ kg CO2/year — thegrocer.co.uk; paconsulting.com. Projections/self-reported.",Medium,Medium,Low,PRIORITY FLAG: Dizzie was reported shutting down in November 2024 — verify current operating status and any successor entity via Companies House. Founding year ambiguous (Good Club 2019 vs aggregator 2016). Website may still resolve despite closure. Instagram unverified.
TerraCycle,United States,Active,"TerraCycle (TerraCycle, Inc.) — terracycle.com",TerraCycle — en.wikipedia.org/wiki/Tom_Szaky,https://www.terracycle.com/en-US/,Not found in verified public sources,Not found in verified public sources as a precise headcount; operates in ~20–21 countries — theshelbyreport.com; thetycoonmedia.com,"Brands, retailers, cities and consumers (recycling programmes, collection, reuse via Loop) — thetycoonmedia.com","2001 (founded by Tom Szaky; began as worm-castings/fertiliser, pivoted to recycling ~2007) — thetycoonmedia.com; en.wikipedia.org/wiki/Tom_Szaky",Private; founder/CEO Tom Szaky; raised $150M+ capital at parent level and $25M for Loop — theshelbyreport.com,Specialty recycling of hard-to-recycle waste streams; runs reuse platform Loop — terracycle.com; thetycoonmedia.com,"Global — operations in ~20–21 countries; HQ Trenton, New Jersey, USA — theshelbyreport.com; thetycoonmedia.com",Recycling/waste management; reuse (Loop); regulated waste — thetycoonmedia.com,"P&G, Nestlé, major CPGs and retailers; UPS, SUEZ — weforum.org; theshelbyreport.com","Reported 2019 net sales $27.12M (+35% YoY) and net income $3.24M; describes recycling solutions for cigarette butts, diapers, contact lenses etc. — sustainnow.ch. Figures from a third-party summary; verify against filings.",High,High,Medium,Founding year 2001 well established. Country count varies (20 vs 21) by source/date. 2019 financials come from a secondary source — corroborate before publishing. Instagram unverified.
Blueland,United States,Active,"Blueland (Blueland, Inc. / The Blueland Company) — blueland.com",Blueland — blueland.com,https://www.blueland.com/,Not found in verified public sources,Not found in verified public sources as a precise figure (reported >$100M sales by 2022) — en.wikipedia.org/wiki/Sarah_Paiji_Yoo,"Consumers via DTC and major retail (Target, Costco, The Container Store, Amazon) — blueland.com",2019 — blueland.com; en.wikipedia.org/wiki/Sarah_Paiji_Yoo,"Private, venture-backed (~$35M raised; Prelude Growth Partners led $20M in 2022; Shark Tank deal with Kevin O'Leary); Certified B Corp — en.wikipedia.org/wiki/Sarah_Paiji_Yoo; housedigest.com; blueland.com","Refillable cleaning & personal-care tablets ('Forever Bottles' + dissolvable tablets), plastic-free/recyclable refills — blueland.com",United States — blueland.com,"Household cleaning, hand soap, laundry, dish, personal care (tablet/refill) — blueland.com","Co-founders Sarah Paiji Yoo (CEO) & John Mascari; chemist/CIO Syed Naqvi; retail partners Target, Costco — bbgventures.com; blueland.com",Company states it has helped divert over 1 billion single-use plastic bottles from landfills/oceans since 2019 and holds 40+ patents — blueland.com/articles/blueland-after-shark-tank. Self-reported; not independently audited.,High,High,Low,Founding 2019 firm (products launched Earth Day 2019; Shark Tank Season 11). '1 billion bottles diverted' is a company claim. Wikipedia dates the Shark Tank appearance to 2020 (air date) vs 2019 filming — minor. Instagram unverified.
smol,United Kingdom,Active,smol (smol ltd.) — smolproducts.com; crunchbase.com,smol — balderton.com,https://smolproducts.com/,Not found in verified public sources,"Not found in verified public sources as a precise figure (described as the UK's fastest-growing laundry brand; serving 250,000+ households as of 2020) — balderton.com",Consumers via DTC subscription (letterbox delivery) across the UK — techcrunch.com,2018 (developed from 2017) — techcrunch.com; campaignlive.co.uk; parcelhub.co.uk,"Private, venture-backed; Ł8M Series A led by Balderton Capital + JamJar (2020), later Series B; ~US$34M total; Certified B Corp — techcrunch.com; analyzify.com; crunchbase.com; operating status Active — crunchbase.com","DTC subscription eco laundry capsules, dishwasher tablets, fabric conditioner & sprays in plastic-free/recycled packaging; returns scheme for refill/reuse — balderton.com",United Kingdom (with stated ambitions to expand) — techcrunch.com,"Laundry, dishwashing, household cleaning (subscription) — smolproducts.com","Co-founders Paula Quazi & Nick Green (ex-Unilever); investors Balderton Capital, JamJar — techcrunch.com; balderton.com",Company/investor state smol saves 4+ tonnes of plastic per week vs other brands and cuts chemical usage by up to 5 tonnes/week; powering ~1.5M washes/week — balderton.com. Self-reported.,High,High,Low,Founding 2018 well corroborated. B Corp status from a secondary directory — verify on B Lab directory. Instagram unverified.
Splosh,United Kingdom,Active,Splosh (Splosh Limited) — splosh.com; pitchbook.com,Splosh — splosh.com,https://splosh.com/,Not found in verified public sources,Small (PitchBook lists ~4 employees — likely understated; treat with caution) — pitchbook.com,Consumers via DTC mail-order/subscription (UK); also a retail arm (sploshretail.co.uk) — nspackaging.com; splosh.com,2012 — pitchbook.com; nspackaging.com; plasticstoday.com,Private company — pitchbook.com,Refillable home & personal care: keep-forever bottles refilled from concentrated pouches (add water); used pouches returned to be reused/upcycled (closed loop) — splosh.com; nspackaging.com,"United Kingdom (Newtown, Powys, Wales) — pitchbook.com; plasticstoday.com","Household cleaning, laundry, dish, personal care (refill pouches) — splosh.com","Founder Angus Grahame; cruelty-free (Leaping Bunny), vegan-friendly — nspackaging.com; greenunion.co.uk","Company states its system cuts plastic waste by ~90% vs disposable bottles, ~75% lower CO2 (concentrates), and that its standard refill system had saved 725,000+ rigid bottles; stated goal of saving 1 billion bottles — nspackaging.com; plasticstoday.com. Self-reported.",High,High,Low,Founding 2012 consistent across sources. PitchBook headcount (4) likely stale/undercount — verify. Founder Angus Grahame (one early third-party source erroneously named another person). Instagram unverified.
Ecover,Belgium,Active — owned by SC Johnson,Ecover — ecover.com; en.wikipedia.org/wiki/Ecover,Ecover; part of 'People Against Dirty' (with Method) pre-acquisition — naturewatch.org,https://www.ecover.com/,Not found in verified public sources,Not found in verified public sources as a standalone figure (subsidiary of SC Johnson; manufacturing in Belgium/France/Switzerland) — nelisglobal.org,Consumers via grocery/mass retail and e-commerce; bulk refill via independent stores/co-ops — en.wikipedia.org/wiki/Ecover,1979 (Belgium; founder Frans Bogaerts / Van Den Boogaert) — en.wikipedia.org/wiki/Ecover; nelisglobal.org,"Owned by S.C. Johnson & Son since 2017 (acquired with Method from People Against Dirty; announced Sept 2017, closed Dec 2017) — prnewswire.com; ethicalconsumer.org",Manufacturer of plant-/mineral-based cleaning & laundry products; offers in-store bulk refill in some markets — en.wikipedia.org/wiki/Ecover,"Belgium (HQ/factory, Malle) selling across Europe and North America — nelisglobal.org","Household cleaning, laundry, dishwashing, hand soap — ecover.com",Parent: SC Johnson; sister brand Method — prnewswire.com,"Built the first 'ecological factory' (Malle, 1992); recognised on the UN Global 500 Roll of Honour (1992/93) — en.wikipedia.org/wiki/Ecover; nelisglobal.org. No current quantified reuse metric found.",High,High,Medium,"Ownership is the key fact: corporate-owned (SC Johnson) since 2017 — not an independent reuse 'practitioner'. Reportedly dropped B Corp certification (per Ethical Consumer, Oct 2025) — verify on B Lab. Founder's surname appears as Bogaerts / Van Den Boogaert. Instagram unverified."
Grove Collaborative,United States,Active — public (NYSE: GROV),"Grove Collaborative Holdings, Inc. (NYSE: GROV) — sec.gov; grove.co",Grove Collaborative; Grove Co.; founded as 'ePantry' — en.wikipedia.org/wiki/Grove_Collaborative,https://www.grove.co/,Not found in verified public sources,Public company; FY2025 revenue guidance ~$172.5M–$175M; underwent workforce reductions — dcf-model.com. Exact current headcount not found in verified public sources.,Consumers via DTC subscription/e-commerce and retail (e.g. Target) — en.wikipedia.org/wiki/Grove_Collaborative,2012 (as ePantry; rebranded Grove 2016) — en.wikipedia.org/wiki/Grove_Collaborative; sec.gov,"Publicly traded on NYSE under 'GROV' since June 2022 (via Virgin Group SPAC merger, Dec 2021); Public Benefit Corporation and Certified B Corp — en.wikipedia.org/wiki/Grove_Collaborative; inc.com",Sustainable home & personal care retailer; own brand (Grove Co.) plus curated third-party brands; flexible monthly delivery; 'plastic-neutral' — sec.gov; en.wikipedia.org/wiki/Grove_Collaborative,United States — en.wikipedia.org/wiki/Grove_Collaborative,"Household cleaning, personal care, laundry, beauty, pet — sec.gov","Co-founders Stuart Landesberg, Chris Clark, Jordan Savage; retail partner Target; investors incl. Virgin Group/General Atlantic — en.wikipedia.org/wiki/Grove_Collaborative; pestel-analysis.com",States it became 'the world's first plastic-neutral retailer' (2020) and surpassed 1 million households served — pestel-analysis.com. Self-reported; verify specific tonnage figures in SEC filings/impact reports.,High,High,Medium,Public-company status means primary financial data is in SEC filings (recommended source). Founding 2012 (as ePantry) firm. CEO changed (Landesberg stepped back as CEO in 2023). Instagram unverified.
Zero Co,Australia,CEASED ~Apr 2025,Zero Co — zeroco.com.au; squarepeg.vc,Zero Co — businessthink.unsw.edu.au,https://www.zeroco.com.au/,Not found in verified public sources,Small at close; FY24 revenue ~A$10.79M — smartcompany.com.au; startupdaily.net,"Consumers via DTC (Australia), with planned retail and international expansion — squarepeg.vc; cxplained.com",2019 (founded by Mike Smith; Kickstarter Oct 2019) — squarepeg.vc; businessthink.unsw.edu.au,"Private, venture- and crowdfunding-backed (Square Peg ~A$6M Series A; Skip Capital; Birchal equity crowdfunding). PRIORITY FLAG: announced wind-down, ceased trading ~30 April 2025 (closing while solvent) — squarepeg.vc; smartcompany.com.au; startupdaily.net","DTC refill: 'Forever Bottles' (from ocean/beach/landfill plastic) + mailed refill pouches returned, cleaned and reused; later 'ForeverFill' paper-based refills — squarepeg.vc; startupdaily.net",Australia (HQ moved Byron Bay ? Melbourne); had expansion ambitions to UK/North America — startupdaily.net,Home cleaning and personal care (refill) — zeroco.com.au,"Founder Mike Smith; investors Square Peg, Skip Capital; ocean cleanup mission partners — squarepeg.vc; startupdaily.net","Company stated it removed the equivalent of ~45 million bottles of ocean/river/beach waste in its first ~4 years (other reports cite 60,000+ households and ~1.1M bottles' worth in earlier periods) — cxplained.com; reusablenation.com. Self-reported; figures vary by date.",High,High,Low,PRIORITY FLAG: Zero Co ceased trading ~30 April 2025 — confirm current status; website may still resolve. Founding 2019 firm. Impact figures are self-reported and inconsistent across dates. Instagram unverified.
Seventh Generation,United States,Active — owned by Unilever,"Seventh Generation, Inc. — seventhgeneration.com; en.wikipedia.org/wiki/Seventh_Generation_Inc.",Seventh Generation — vtdigger.org,https://www.seventhgeneration.com/,Not found in verified public sources,~145–170 employees historically (Tracxn ~145; ~170 at 2016 acquisition) — tracxn.com; causeartist.com. Current figure as a Unilever unit not found in verified public sources.,"Consumers via natural-food stores, supermarkets, mass merchants and online — en.wikipedia.org/wiki/Seventh_Generation_Inc.","1988 (Burlington, Vermont) — en.wikipedia.org/wiki/Seventh_Generation_Inc.; vtdigger.org",Subsidiary of Unilever since 2016 (acquired for an estimated ~$700M) — en.wikipedia.org/wiki/Seventh_Generation_Inc.; vtdigger.org; pitchbook.com,Manufacturer/marketer of plant-based household and personal care products (recycled/recyclable packaging) — seventhgeneration.com,Primarily United States / North America (distributed via Unilever globally) — causeartist.com,"Household cleaning, laundry, dish, paper, personal care, diapers — en.wikipedia.org/wiki/Seventh_Generation_Inc.","Parent: Unilever; retail incl. Target, Walmart; founders Alan Newman & Jeffrey Hollender — vermontbiz.com; causeartist.com",Founding B Corporation (2008); pioneered full-ingredient labelling; reported >$200M revenue in 2015 pre-acquisition — seventhgeneration.com; vtdigger.org. No standalone reuse metric found.,High,High,Medium,Ownership is the key fact: corporate-owned (Unilever) since 2016 — not an independent reuse practitioner; more a sustainable-CPG brand than a refill/reuse infrastructure player. Founding 1988 firm. Instagram unverified.
Sourceful,United Kingdom,Active,Sourceful (Sourceful Ltd) — sourceful.com; tracxn.com,Sourceful; Sourceful.com — crunchbase.com,https://www.sourceful.com/,Not found in verified public sources,~65 staff as of 2022 (CEO statement); aggregator figures vary — businesscloud.co.uk. Current headcount not found in verified public sources.,B2B — brands needing sustainable packaging sourcing/design and supply-chain carbon data — sourceful.com; indexventures.com,2020 (June 2020) — sourceful.com/blog/sourceful-funding; tracxn.com; uktech.news,"Private, venture-backed; ~$12.2M seed (2021, Index Ventures) + $20M Series A (2022); total ~Ł23.8M / ~$31.8M — indexventures.com; uktech.news; tracxn.com","Data/AI platform for sourcing, designing and managing sustainable packaging with ISO-verified carbon-footprint estimation; marketplace of vetted suppliers — sourceful.com; indexventures.com","United Kingdom (Manchester/London) serving UK, EU, US; suppliers in UK and Asia — thebusinessdesk.com; indexventures.com",Sustainable packaging sourcing / supply-chain SaaS (B2B) — sourceful.com,"Co-founders Wing Chan (CEO), Shiran Zheng, Mary Wang; investors Index Ventures, Eka Ventures, Coatue; clients incl. Zoe, Trip, Hylo — uktech.news; elitebusinessmagazine.co.uk",Positions itself on supply-chain carbon reduction; cites that ~83% of consumer-industry emissions sit in the supply chain and its ISO-verified LCA methodology quantifies per-order footprint — indexventures.com. No standalone reuse tonnage metric found.,High,High,Low,Note Sourceful is primarily a packaging-sourcing/decarbonisation platform rather than a reuse/refill operator. HQ cited as both Manchester and London. One profile names founder 'Sharon Chan' — likely the same person as Wing (Yung) Chan; reconcile manually. Instagram unverified.
ETEE,Canada,Active,etee (brand operated via ShopEtee) — shopetee.com,Etee ('everything touches everything else') — honestbrandreviews.com,https://www.shopetee.com/,Not found in verified public sources,Not found in verified public sources (small; made/distributed from Toronto),Consumers via DTC e-commerce (and Amazon); ~80% of customers US-based per founder — shopetee.com; shopetee.com/blogs,Sources conflict: 2015 (Honest Brand Reviews) vs 2017 (Green Hive) — honestbrandreviews.com; greenhive.io,Private; founder Steve Reble (one source adds co-founder PJ Lennon) — honestbrandreviews.com; greenhive.io,"Plastic-free personal & home care: beeswax food wraps, soap/shampoo, deodorant, toothpaste etc.; some concentrate/refill formats; plastic-free shipping — shopetee.com",Canada (Toronto) shipping internationally; large US customer base — shopetee.com; shopetee.com/blogs,"Beeswax wraps, plastic-free home & personal care — shopetee.com",Founder-led DTC; 90-day money-back guarantee — shopetee.com,Not found in verified public sources (no quantified plastic-avoidance figure located).,Medium,Low,Low,Founding year ambiguous (2015 vs 2017) — manual reconciliation needed. Registered legal entity name not confirmed from a registry. Note etee is largely a plastic-free/reusable-product brand rather than a refill-infrastructure operator. Instagram unverified.
Plaine Products,United States,Active,Plaine Products — plaineproducts.com; plasticpollutioncoalition.org,Plaine Products (from founders' surname 'Delaplaine') — ideamensch.com,https://plaineproducts.com/,Not found in verified public sources,"~18 employees and ~$2M revenue (founder interview, ~2021) — millionaire-interviews.com. Current figures not found in verified public sources.",Consumers via DTC subscription; plus retailers/refill stations and hospitality (B2B bulk) — plasticpollutioncoalition.org; americanglampingassociation.net,February 2017 — ideamensch.com; plasticpollutioncoalition.org,Private; co-founded by sisters Lindsey Delaplaine McCoy (CEO) and Alison Webster; Certified B Corp and 1% for the Planet member — gobrief.com; americanglampingassociation.net,"Refillable personal care in returnable aluminium bottles: customer returns empties (free), company cleans, refills and reuses; subscription + bulk on-site refill — plasticpollutioncoalition.org","United States (HQ Cincinnati, Ohio) — americanglampingassociation.net","Hair & body personal care (shampoo, conditioner, body wash, lotion) — plaineproducts.com",~150–270+ retailers/refill stations cited; founders Lindsey McCoy & Alison Webster — exxpedition.com; plaineproducts.com,"Company states it has eliminated ~700,000 plastic bottles from the waste stream (earlier figures cited 100,000 in 2019, 300,000 in 2021, 547,000 in 2023) — americanglampingassociation.net; exxpedition.com. Self-reported; grows over time.",High,High,Medium,Founding Feb 2017 firm. Co-founder appears under both 'Alison Webster' and 'Alison Delaplaine'. Bottle-diversion figure is cumulative/self-reported and date-dependent. Instagram unverified.
by Humankind,United States,Active,"by Humankind (by Humankind, Inc.) — byhumankind.com; preqin.com",by Humankind; Humankind — crunchbase.com,https://byhumankind.com/,Not found in verified public sources,Not found in verified public sources (early-stage DTC brand),Consumers via DTC subscription; some retail (e.g. Grove) — gessato.com; preqin.com,2019 (deodorant launched Feb 2019; idea sparked on a 2017 trip) — medium.com/lerer-hippeau-ventures; fastcompany.com,"Private, venture-backed (Lerer Hippeau; ~$4M raised incl. $1.5M venture debt, 2019); co-founders Brian Bushell (CEO) & Joshua Goodman — medium.com/lerer-hippeau-ventures; preqin.com","DTC subscription refill personal care: refillable deodorant (compostable refill sticks), shampoo bars, mouthwash tablets; keep-and-refill containers — fastcompany.com; dezeen.com",United States (HQ New York); aggregator notes some EU/Asia availability — medium.com/lerer-hippeau-ventures; preqin.com,"Personal care (deodorant, oral care, hair, floss) — byhumankind.com",Co-founders Brian Bushell & Joshua Goodman; investor Lerer Hippeau — medium.com/lerer-hippeau-ventures,"Company states subscribing to its first three products eliminates ~2.2 kg of single-use plastic per year per customer (?5 lb), and donates $1 of each first purchase to ocean plastic removal; products cut single-use plastic ~90%+ vs conventional — dezeen.com; byhumankind.com. Self-reported.",High,High,Low,"Founding/launch 2019 firm. Confirm current operating status and product range, as DTC personal-care brands change rapidly. Instagram unverified."
Myro,United States,Status uncertain (reported shutdown),Myro (Myro Deodorant) — mymyro.com; prnewswire.com,Myro — beautyindependent.com,https://www.mymyro.com/,Not found in verified public sources,Small (aggregator lists ~3 employees; sold >$8M of units per founder ~2021) — tracxn.com; kingscrowd.com,"Consumers via DTC subscription and retail (Target, Amazon, Anthropologie, Grove; ~2,300+ stores) — prnewswire.com; republic.com",2017 (founded) / 2018 (launched Sept 2018) — prnewswire.com; tracxn.com; beautyindependent.com,"Private, venture-backed (Obvious Ventures, Lakehouse Ventures, Serena Ventures, ERA, Eric Ryan). STATUS UNCERTAIN: at least one secondary source reports Myro shut down (~2022); requires verification — beautyindependent.com; prnewswire.com; necolebitchie.com",Refillable plant-powered deodorant (reusable case + recyclable refill pods using ~50% less plastic) on subscription; planned body wash/mist — packworld.com; republic.com,United States (HQ New York City) — tracxn.com; prnewswire.com,Personal care / bodycare (deodorant; refill) — mymyro.com,"Founder/CEO Greg Laptevsky; investors Obvious Ventures, Serena Ventures; retail Target/Amazon — prnewswire.com; republic.com",Company stated >1 million units sold and ~30 metric tonnes of plastic waste saved since 2018 launch; refill pods use ~50% less plastic; 'plastic-neutral' via PCX offsets — packworld.com. Self-reported.,High,Medium,Low,PRIORITY FLAG: operating status uncertain — a secondary/low-quality source (necolebitchie.com) reports a shutdown around 2022; this is NOT corroborated by a primary source in this pass. Manually verify whether mymyro.com is still trading and check filings. Founding (2017) vs launch (2018) should be distinguished. Instagram unverified.
